id,value
R,
R.Learning,
R.Learning.machinelearning,581
R.Learning.supervisedlearning.classification,308
R.Learning.supervisedlearning.categoricaldata,318
R.Learning.unsupervisedlearning.clustering,345
R.Learning.other.Arima,379
R.Learning.other.forecasting,490
R.modelling,
R.modelling.linearmodelling.generalisedlinearmodel,627
R.modelling.linearmodelling.Ime4nlme,896
R.modelling.randomforest,338
R.modelling.mixedmodel,795
R.modelling.repeatingmeasuredesigns.Anova,559
R.modelling.repeatingmeasuredesigns.Repeatedmeasures,265
R.measures,
R.measures.correlation,303
R.measures.confidenceinterval,270
R.measures.distribution,334
R.measures.regressionmeasures.regression,2153
R.measures.regressionmeasures.multipleregression,298
R.measures.regressionmeasures.logisticregression,720
R.measures.Predictivemeasures.hypothesistesting,341
R.measures.Predictivemeasures.statisticalsgnificance,260
R.techniques,
R.techniques.PCA,244
R.techniques.Datavisualization,469
R.techniques.Crossvalidated,217
R.techniques.Timeseries,1285
R.techniques.Survivalanalysis,326
