R-Learning-ML,581
R-Learning-supervised-classification,308
R-Learning-supervised-categorical,318
R-Learning-unsupervised-clustering,345
R-Learning-other-Arima,379
R-Learning-other-forecasting,490
R-techniques-PCA,244
R-techniques-visualization,469
R-techniques-validated,217
R-techniques-series,1285
R-techniques-analysis,326
R-measures-correlation,303
R-measures-confidence interval,270
R-measures-distribution,334
R-measures-regression-regression,2153
R-measures-regression-multiple,298
R-measures-regression-logistic,720
R-measures-Predictive-testing,341
R-measures-Predictive-significance,260
R-Model-linear-generalised,627
R-Model-linear-Ime4NLME,896
R-Model-random forest,338
R-Model-mixed,795
R-Model-measuredesigns-Anova,559
R-Model-measuredesigns-Repeated,265
